{
  "Non-ASCII Anti Aliased": true,
  "Ansi 15 Color (Dark)": {
    "Green Component": 0.99997437000274658,
    "Red Component": 1,
    "Blue Component": 0.99999129772186279
  },
  "Foreground Color (Dark)": {
    "Green Component": 0.92142927646636963,
    "Red Component": 0.90730977058410645,
    "Blue Component": 0.93115901947021484
  },
  "Cursor Text Color": {
    "Green Component": 0,
    "Red Component": 0,
    "Blue Component": 0
  },
  "Custom Window Title": "asdf",
  "Smart Cursor Color": false,
  "Prompt Before Closing 2": 0,
  "Ansi 3 Color (Dark)": {
    "Green Component": 0.81672251224517822,
    "Red Component": 0.99627053737640381,
    "Blue Component": 0.19727933406829834
  },
  "Ansi 12 Color (Dark)": {
    "Green Component": 0.81066548824310303,
    "Red Component": 0.43880558013916016,
    "Blue Component": 0.99898606538772583
  },
  "Mouse Reporting": true,
  "Use Underline Color (Light)": false,
  "Disable Window Resizing": true,
  "BM Growl": true,
  "Background Color (Dark)": {
    "Green Component": 0.14745020866394043,
    "Red Component": 0.11278382688760757,
    "Blue Component": 0.16608485579490662
  },
  "Guid": "51B91910-D201-486C-BFF5-9FD7E066D015",
  "Cursor Color (Dark)": {
    "Green Component": 0.91671288013458252,
    "Red Component": 0.91654461622238159,
    "Blue Component": 0.91648769378662109
  },
  "Selection Color (Dark)": {
    "Green Component": 0.41462835669517517,
    "Red Component": 0.30659490823745728,
    "Blue Component": 0.47096589207649231
  },
  "Only The Default BG Color Uses Transparency": true,
  "Scrollback Lines": 0,
  "Badge Color (Dark)": {
    "Red Component": 0.92929404973983765,
    "Color Space": "P3",
    "Blue Component": 0.13960540294647217,
    "Alpha Component": 0.5,
    "Green Component": 0.25479039549827576
  },
  "Faint Text Alpha": 0.5,
  "Ansi 0 Color (Dark)": {
    "Green Component": 0.35616019368171692,
    "Red Component": 0.26286587119102478,
    "Blue Component": 0.40253299474716187
  },
  "Transparency": 0,
  "Use Bright Bold": true,
  "Horizontal Spacing": 1,
  "Ansi 13 Color (Light)": {
    "Green Component": 0.40164706110954285,
    "Red Component": 0.9887651801109314,
    "Blue Component": 0.60766077041625977
  },
  "Blur": false,
  "Ansi 13 Color": {
    "Green Component": 0.40164706110954285,
    "Red Component": 0.9887651801109314,
    "Blue Component": 0.60766077041625977
  },
  "Ansi 2 Color (Dark)": {
    "Green Component": 0.94388872385025024,
    "Red Component": 0.36202818155288696,
    "Blue Component": 0.62042194604873657
  },
  "Cursor Color": {
    "Green Component": 0.91671288013458252,
    "Red Component": 0.91654461622238159,
    "Blue Component": 0.91648769378662109
  },
  "Use Cursor Guide (Light)": false,
  "Option Key Sends": 0,
  "Idle Code": 0,
  "Ansi 13 Color (Dark)": {
    "Green Component": 0.40164706110954285,
    "Red Component": 0.9887651801109314,
    "Blue Component": 0.60766077041625977
  },
  "Send Code When Idle": false,
  "Selection Color": {
    "Green Component": 0.41462835669517517,
    "Red Component": 0.30659490823745728,
    "Blue Component": 0.47096589207649231
  },
  "Terminal Type": "xterm-256color",
  "Cursor Boost (Dark)": 0,
  "Right Option Key Sends": 0,
  "Background Color": {
    "Red Component": 0.098039215686274508,
    "Color Space": "P3",
    "Blue Component": 0.15294117647058825,
    "Alpha Component": 1,
    "Green Component": 0.13333333333333333
  },
  "Show Mark Indicators": false,
  "Ansi 10 Color (Dark)": {
    "Green Component": 0.96712285280227661,
    "Red Component": 0.67800694704055786,
    "Blue Component": 0.74659085273742676
  },
  "Ansi 10 Color": {
    "Green Component": 0.96712285280227661,
    "Red Component": 0.67800694704055786,
    "Blue Component": 0.74659085273742676
  },
  "Vertical Spacing": 1,
  "Use Tab Color (Light)": false,
  "Cursor Type": 2,
  "Columns": 80,
  "Ansi 2 Color (Light)": {
    "Green Component": 0.94388872385025024,
    "Red Component": 0.36202818155288696,
    "Blue Component": 0.62042194604873657
  },
  "Screen": -1,
  "Cursor Text Color (Dark)": {
    "Green Component": 0,
    "Red Component": 0,
    "Blue Component": 0
  },
  "Description": "Default",
  "Unlimited Scrollback": true,
  "Use Italic Font": true,
  "Working Directory": "/Users/phill",
  "Selected Text Color (Dark)": {
    "Green Component": 0.92142927646636963,
    "Red Component": 0.90730977058410645,
    "Blue Component": 0.93115901947021484
  },
  "Use Cursor Guide (Dark)": false,
  "Visual Bell": true,
  "Link Color (Light)": {
    "Red Component": 0.14513972401618958,
    "Color Space": "P3",
    "Blue Component": 0.7093239426612854,
    "Alpha Component": 1,
    "Green Component": 0.35333043336868286
  },
  "Ansi 1 Color (Dark)": {
    "Green Component": 0.22098405659198761,
    "Red Component": 0.9871404767036438,
    "Blue Component": 0.25575384497642517
  },
  "Default Bookmark": "No",
  "Animate Movement": true,
  "Ansi 14 Color (Light)": {
    "Green Component": 1,
    "Red Component": 0.60292786359786987,
    "Blue Component": 0.90182536840438843
  },
  "Ansi 7 Color (Light)": {
    "Green Component": 0.99997437000274658,
    "Red Component": 1,
    "Blue Component": 0.99999129772186279
  },
  "Ansi 3 Color (Light)": {
    "Green Component": 0.81672251224517822,
    "Red Component": 0.99627053737640381,
    "Blue Component": 0.19727933406829834
  },
  "Title Components": 32,
  "Ansi 9 Color (Dark)": {
    "Green Component": 0.45310419797897339,
    "Red Component": 0.98958194255828857,
    "Blue Component": 0.42818409204483032
  },
  "Badge Color (Light)": {
    "Red Component": 0.92929404973983765,
    "Color Space": "P3",
    "Blue Component": 0.13960540294647217,
    "Alpha Component": 0.5,
    "Green Component": 0.25479039549827576
  },
  "Ansi 14 Color (Dark)": {
    "Green Component": 1,
    "Red Component": 0.60292786359786987,
    "Blue Component": 0.90182536840438843
  },
  "Tags": [],
  "Link Color (Dark)": {
    "Red Component": 0.14513972401618958,
    "Color Space": "P3",
    "Blue Component": 0.7093239426612854,
    "Alpha Component": 1,
    "Green Component": 0.35333043336868286
  },
  "Custom Command": "No",
  "Jobs to Ignore": ["rlogin", "ssh", "slogin", "telnet"],
  "Use Non-ASCII Font": false,
  "Custom Directory": "No",
  "Use Selected Text Color (Light)": true,
  "Bold Color (Light)": {
    "Green Component": 0.91671288013458252,
    "Red Component": 0.91654461622238159,
    "Blue Component": 0.91648769378662109
  },
  "Brighten Bold Text (Dark)": true,
  "Ansi 8 Color (Light)": {
    "Green Component": 0.69167852401733398,
    "Red Component": 0.63061976432800293,
    "Blue Component": 0.72321081161499023
  },
  "Name": "Default",
  "Ansi 11 Color (Dark)": {
    "Green Component": 0.88262283802032471,
    "Red Component": 0.99765938520431519,
    "Blue Component": 0.42511638998985291
  },
  "Ansi 14 Color": {
    "Green Component": 1,
    "Red Component": 0.60292786359786987,
    "Blue Component": 0.90182536840438843
  },
  "Faint Text Alpha (Dark)": 0.5,
  "Rows": 25,
  "Background Color (Light)": {
    "Green Component": 0.14745020866394043,
    "Red Component": 0.11278382688760757,
    "Blue Component": 0.16608485579490662
  },
  "Cursor Guide Color (Light)": {
    "Red Component": 0.74862593412399292,
    "Color Space": "P3",
    "Blue Component": 0.99125725030899048,
    "Alpha Component": 0.25,
    "Green Component": 0.92047786712646484
  },
  "Use Custom Window Title": false,
  "Use Selected Text Color": true,
  "Ansi 6 Color (Dark)": {
    "Green Component": 1,
    "Red Component": 0.34860008955001831,
    "Blue Component": 0.82062870264053345
  },
  "Use Tab Color": false,
  "Use Bright Bold (Light)": true,
  "Cursor Color (Light)": {
    "Green Component": 0.91671288013458252,
    "Red Component": 0.91654461622238159,
    "Blue Component": 0.91648769378662109
  },
  "Ansi 15 Color (Light)": {
    "Green Component": 0.99997437000274658,